model_name,model_id,checkpoint_id,modality,paper_url,publication_venue,impact_factor,impact_factor_year,impact_factor_source_url,official_code_url,official_weight_page,download_url,filename,size_bytes,size_display,sha256,access_method,license_summary,download_enabled,status,skip_reason
DERETFound,deretfound,deretfound-pretraining,CFP,https://www.nature.com/articles/s41551-025-01365-0,Nature Biomedical Engineering,26.3,2025,https://www.nature.com/natbiomedeng/journal-impact,https://github.com/Jonlysun/DERETFound,https://zenodo.org/records/13340936/files/PreTraining.zip,https://zenodo.org/records/13340936/files/PreTraining.zip,PreTraining.zip,3656207114,3.66 GB,b6b3e92dde5409b18e3dbc6118c6f4d0216545f62cd0a2241f5d20593aafe361,从官方 zenodo 页面下载,代码仓库存在许可证，但权重是否适用同一许可尚未明确。,true,downloaded_verified,
DERETFound,deretfound,deretfound-sd-retina,CFP,https://www.nature.com/articles/s41551-025-01365-0,Nature Biomedical Engineering,26.3,2025,https://www.nature.com/natbiomedeng/journal-impact,https://github.com/Jonlysun/DERETFound,https://zenodo.org/records/13340936/files/sd-retina-model.zip,https://zenodo.org/records/13340936/files/sd-retina-model.zip,sd-retina-model.zip,3192837063,3.19 GB,df65ab9852adbd06bb223ad09f3df4bec07261c4727ebabc6bb9d7ad09ae89e3,从官方 zenodo 页面下载,代码仓库存在许可证，但权重是否适用同一许可尚未明确。,true,downloaded_verified,
EyeCLIP,eyeclip,eyeclip-default,CFP;OCT;FFA;ICGA;FAF;ultrasound;external_eye;slit_lamp;specular_microscopy;CT;RetCam;text,https://www.nature.com/articles/s41746-025-01772-2,NPJ Digital Medicine,18.0,2025,https://www.nature.com/npjdigitalmed/journal-impact,https://github.com/Michi-3000/EyeCLIP,https://drive.google.com/file/d/1kWpbDqFCFt4j8RkYqacV4nl-aCKZfqZr/view,https://drive.google.com/file/d/1kWpbDqFCFt4j8RkYqacV4nl-aCKZfqZr/view,eyeclip.pt,2142213487,2.14 GB,dfb6990aa31d55e6eee23f5b79d4b170d86af9d0f533fedaa805f0cdb5d686d4,从官方 google_drive 页面下载,官方入口未明确声明权重许可证；限内部研究使用并需自行复核。,true,downloaded_verified,
FLAIR,flair,flair-default,CFP;text,https://doi.org/10.1016/j.media.2024.103357,Medical Image Analysis,尚未核验,,,https://github.com/jusiro/FLAIR,https://huggingface.co/jusiro2/FLAIR,https://huggingface.co/jusiro2/FLAIR,model.safetensors,533319044,533.32 MB,050334cd934fa3126435c202c41f493ca222fc3fe3ea9c50cf21f67c792a1440,从官方 huggingface 页面下载,官方声明代码与权重采用 Apache-2.0；使用前仍应保留许可与来源说明。,true,downloaded_verified,
FMUE,fmue,fmue-default,OCT,https://doi.org/10.1016/j.xcrm.2024.101876,Cell Reports Medicine,尚未核验,,,https://github.com/yuanyuanpeng0129/FMUE,https://drive.google.com/file/d/1-rdx6VPJNWVwkjamkplEoyUOHNGweUho/view,https://drive.google.com/file/d/1-rdx6VPJNWVwkjamkplEoyUOHNGweUho/view,FMUE.pth,1218388127,1.22 GB,ece65c8da05bf89c0666c00e01ee4073ec65c90c47802dcfce5d0fba97152477,从官方 google_drive 页面下载,官方入口未明确声明权重许可证；限内部研究使用并需自行复核。,true,downloaded_verified,
KeepFIT,keepfit,keepfit-ffa-ir-mmretinal-ffa,FFA,https://link.springer.com/chapter/10.1007/978-3-031-72378-0_67,MICCAI,不适用,,,https://github.com/lxirich/MM-Retinal,https://drive.google.com/file/d/1fdCRDbKJKZcqBlmdEdETygZ8EsBu5QlV/view,https://drive.google.com/file/d/1fdCRDbKJKZcqBlmdEdETygZ8EsBu5QlV/view,KeepFIT (FFA-IR+MM).pth,537658158,537.66 MB,ca6610998a1625a96fed21bfb453a58b41f4cc42d2e23116d60b166211f2ecfd,从官方 google_drive 页面下载,官方入口未明确声明权重许可证；限内部研究使用并需自行复核。,true,downloaded_verified,
KeepFIT,keepfit,keepfit-flair-mmretinal-cfp,CFP,https://link.springer.com/chapter/10.1007/978-3-031-72378-0_67,MICCAI,不适用,,,https://github.com/lxirich/MM-Retinal,https://drive.google.com/file/d/1w6poCkZeqSTHsLYz1R9-z5Ttc0Vw0qSw/view,https://drive.google.com/file/d/1w6poCkZeqSTHsLYz1R9-z5Ttc0Vw0qSw/view,KeepFIT (flair+MM).pth,537658685,537.66 MB,500904a3cae65f813c74ad9b87c2305c7b375c899fd064fc548c6b1f0e7104c9,从官方 google_drive 页面下载,官方入口未明确声明权重许可证；限内部研究使用并需自行复核。,true,downloaded_verified,
KeepFIT,keepfit,keepfit-half-flair-mmretinal-cfp,CFP,https://link.springer.com/chapter/10.1007/978-3-031-72378-0_67,MICCAI,不适用,,,https://github.com/lxirich/MM-Retinal,https://drive.google.com/file/d/1o4EDSifmcN7cKDP5w5qvS_wWiyfEZ6UN/view,https://drive.google.com/file/d/1o4EDSifmcN7cKDP5w5qvS_wWiyfEZ6UN/view,KeepFIT (50%flair+MM).pth,537658685,537.66 MB,12e7fd11f9572f63332c8a3c6e00786d670df02258ee9d5c50a8a311bb70345c,从官方 google_drive 页面下载,官方入口未明确声明权重许可证；限内部研究使用并需自行复核。,true,downloaded_verified,
MIRAGE,mirage,mirage-base,OCT;SLO,https://www.nature.com/articles/s41746-025-01852-3,npj Digital Medicine,18.0,2025,https://www.nature.com/npjdigitalmed/journal-impact,https://github.com/j-morano/MIRAGE,https://huggingface.co/j-morano/MIRAGE-Base,https://huggingface.co/j-morano/MIRAGE-Base,model.safetensors,348106560,348.11 MB,bdb3ad174fd8106f32e692446479966ebf095fa8f9a523f9b29185ed0136c339,从官方 huggingface 页面下载,官方声明模型与代码采用 CC BY 4.0，使用时需署名。,true,downloaded_verified,
MIRAGE,mirage,mirage-large,OCT;SLO,https://www.nature.com/articles/s41746-025-01852-3,npj Digital Medicine,18.0,2025,https://www.nature.com/npjdigitalmed/journal-impact,https://github.com/j-morano/MIRAGE,https://huggingface.co/j-morano/MIRAGE-Large,https://huggingface.co/j-morano/MIRAGE-Large,model.safetensors,1219765784,1.22 GB,22c7da599f82a8d6a252c9df61e43dff22af06a9196a56879a0080cec9f5894c,从官方 huggingface 页面下载,官方声明模型与代码采用 CC BY 4.0，使用时需署名。,true,downloaded_verified,
PRETI,preti,preti-default,CFP,https://link.springer.com/chapter/10.1007/978-3-032-04927-8_50,MICCAI,不适用,,,https://github.com/MICV-yonsei/PRETI,https://drive.google.com/file/d/1mEFm3bxSPPOm4bLPC9Ey64oeq-6F0S0G/view,https://drive.google.com/file/d/1mEFm3bxSPPOm4bLPC9Ey64oeq-6F0S0G/view,checkpoint-119.pth,1116383718,1.12 GB,c6f7ca533c6d609a691a7f0ac3234bee78fe1116da714d9929308eaeaf409395,从官方 google_drive 页面下载,官方入口未明确声明权重许可证；限内部研究使用并需自行复核。,true,downloaded_verified,
RET-CLIP,ret-clip,ret-clip-default,CFP;text,https://doi.org/10.1007/978-3-031-72390-2_66,MICCAI,不适用,,,https://github.com/sStonemason/RET-CLIP,https://drive.google.com/file/d/1lYrAg5qzFbNghEW-3UB36v9WL-mo5eN9/view,https://drive.google.com/file/d/1lYrAg5qzFbNghEW-3UB36v9WL-mo5eN9/view,ret-clip.pt,767605204,767.61 MB,539819ae5ce4c13ea05aa00c5f270eb8432bf02d9ea7f695a9168b97540d1850,从官方 google_drive 页面下载,官方入口未明确声明权重许可证；限内部研究使用并需自行复核。,true,downloaded_verified,
RETFound,retfound,retfound-cfp,CFP,https://www.nature.com/articles/s41586-023-06555-x,Nature,56.1,2025,https://www.nature.com/nature-portfolio/about-journals/journal-metrics,https://github.com/rmaphoh/RETFound,https://huggingface.co/YukunZhou/RETFound_mae_natureCFP,https://huggingface.co/YukunZhou/RETFound_mae_natureCFP,RETFound_mae_natureCFP.pth,3952489221,3.95 GB,e1e4f66a1b792eeb6e2efaf158f33be35c8255f36b3d17ed67cd5129da246485,在官方 Hugging Face 页面申请权限并使用本人账号下载,需接受官方权重访问条款；不得推断允许再分发。,false,downloaded_verified,
RETFound-Green,retfound-green,retfound-green-v0.1,CFP,https://www.nature.com/articles/s41467-025-62123-z,Nature Communications,18.1,2025,https://www.nature.com/nature-portfolio/about-journals/journal-metrics,https://github.com/justinengelmann/RETFound_Green,https://github.com/justinengelmann/RETFound_Green/releases/tag/v0.1,https://github.com/justinengelmann/RETFound_Green/releases/tag/v0.1,retfoundgreen_statedict.pth,87396676,87.40 MB,431de5dbc1bebbb32f60e2c0bcf8daa4f8bcbf06f7cb1e1dc97ec589713942e1,从官方 github_release 页面下载,仅限非商业研究用途；不得推断允许再分发。,true,downloaded_verified,
RETFound,retfound,retfound-oct,OCT,https://www.nature.com/articles/s41586-023-06555-x,Nature,56.1,2025,https://www.nature.com/nature-portfolio/about-journals/journal-metrics,https://github.com/rmaphoh/RETFound,https://huggingface.co/YukunZhou/RETFound_mae_natureOCT,https://huggingface.co/YukunZhou/RETFound_mae_natureOCT,RETFound_mae_natureOCT.pth,3952489221,3.95 GB,e9ff7864f40334885062953cb3894739d9fff52aaeb22c8b4f47d92270068d18,在官方 Hugging Face 页面申请权限并使用本人账号下载,需接受官方权重访问条款；不得推断允许再分发。,false,downloaded_verified,
RetiZero,retizero,retizero-default,CFP;text,https://www.nature.com/articles/s41467-025-60577-9,Nature Communications,18.1,2025,https://www.nature.com/nature-portfolio/about-journals/journal-metrics,https://github.com/LooKing9218/RetiZero,https://drive.google.com/file/d/14bMmnefO73_NL1Xc4x0A5qFNbuI7GqKM/view,https://drive.google.com/file/d/14bMmnefO73_NL1Xc4x0A5qFNbuI7GqKM/view,RetiZero.pth,1653537406,1.65 GB,7d06d29441c981898bbb56abdaae1eb97e205448f0a9bc2a68e2aa9431601ede,从官方 google_drive 页面下载,官方入口未明确声明权重许可证；限内部研究使用并需自行复核。,true,downloaded_verified,
UrFound,urfound,urfound-default,CFP;OCT;text,https://link.springer.com/chapter/10.1007/978-3-031-72390-2_70,MICCAI,不适用,,,https://github.com/yukkai/UrFound,https://huggingface.co/yyyyk/UrFound,https://huggingface.co/yyyyk/UrFound,urfound_mm.pth,1815991647,1.82 GB,8a26bf1a64d449d30fe6fc5faabea48431aa6c15a743d324b8e16271109942e3,从官方 huggingface 页面下载,代码采用 MIT，但权重许可范围尚未明确。,true,downloaded_verified,
ViLReF,vilref,vilref-default,CFP;text,https://arxiv.org/abs/2408.10894,arXiv,不适用,,,https://github.com/T6Yang/ViLReF,https://drive.google.com/file/d/13YY2Qto4Xzx-gcOJB1kLdp1pqfjZEnxA/view,https://drive.google.com/file/d/13YY2Qto4Xzx-gcOJB1kLdp1pqfjZEnxA/view,ViLReF_ViT.pt,753186978,753.19 MB,7b0c0597532bfa8492c83d63140d70a9358cd27e86966333981aec3967fe6ef9,从官方 google_drive 页面下载,官方入口未明确声明权重许可证；限内部研究使用并需自行复核。,true,downloaded_verified,
VisionFM,visionfm,visionfm-external-eye,external_eye,https://ai.nejm.org/doi/abs/10.1056/AIoa2300221,NEJM AI,尚未核验,,,https://github.com/ABILab-CUHK/VisionFM,https://drive.google.com/file/d/16zGHTD4ZcGAYW382kKHBw3TU6D1OtvTD/view,https://drive.google.com/file/d/16zGHTD4ZcGAYW382kKHBw3TU6D1OtvTD/view,VFM_External_weights.pth,1507491079,1.51 GB,,项目已有资产，本轮不重复下载,仅限研究、教育和非商业用途。,false,excluded_by_project_scope,Legacy/initial model of the current project; intentionally excluded from duplicate download.
VisionFM,visionfm,visionfm-ffa,FFA,https://ai.nejm.org/doi/abs/10.1056/AIoa2300221,NEJM AI,尚未核验,,,https://github.com/ABILab-CUHK/VisionFM,https://drive.google.com/file/d/128izBUNV00Ojb9w9Dq3GhBvhWqzU-mla/view,https://drive.google.com/file/d/128izBUNV00Ojb9w9Dq3GhBvhWqzU-mla/view,VFM_FFA_weights.pth,1507491015,1.51 GB,,项目已有资产，本轮不重复下载,仅限研究、教育和非商业用途。,false,excluded_by_project_scope,Legacy/initial model of the current project; intentionally excluded from duplicate download.
VisionFM,visionfm,visionfm-fundus,CFP,https://ai.nejm.org/doi/abs/10.1056/AIoa2300221,NEJM AI,尚未核验,,,https://github.com/ABILab-CUHK/VisionFM,https://drive.google.com/file/d/13uWm0a02dCWyARUcrCdHZIcEgRfBmVA4/view,https://drive.google.com/file/d/13uWm0a02dCWyARUcrCdHZIcEgRfBmVA4/view,VFM_Fundus_weights.pth,1507468320,1.51 GB,,项目已有资产，本轮不重复下载,仅限研究、教育和非商业用途。,false,excluded_by_project_scope,Legacy/initial model of the current project; intentionally excluded from duplicate download.
VisionFM,visionfm,visionfm-mri,MRI,https://ai.nejm.org/doi/abs/10.1056/AIoa2300221,NEJM AI,尚未核验,,,https://github.com/ABILab-CUHK/VisionFM,https://drive.google.com/file/d/1fcfylnOWhfnZHBAKT9pQPufyS5ZYCXu0/view,https://drive.google.com/file/d/1fcfylnOWhfnZHBAKT9pQPufyS5ZYCXu0/view,VFM_MRI_weights.pth,1507490695,1.51 GB,,项目已有资产，本轮不重复下载,仅限研究、教育和非商业用途。,false,excluded_by_project_scope,Legacy/initial model of the current project; intentionally excluded from duplicate download.
VisionFM,visionfm,visionfm-oct,OCT,https://ai.nejm.org/doi/abs/10.1056/AIoa2300221,NEJM AI,尚未核验,,,https://github.com/ABILab-CUHK/VisionFM,https://drive.google.com/file/d/1o6E-ine2QLx2pxap-c77u-SU0FjxwypA/view,https://drive.google.com/file/d/1o6E-ine2QLx2pxap-c77u-SU0FjxwypA/view,VFM_OCT_weights.pth,1507468320,1.51 GB,,项目已有资产，本轮不重复下载,仅限研究、教育和非商业用途。,false,excluded_by_project_scope,Legacy/initial model of the current project; intentionally excluded from duplicate download.
VisionFM,visionfm,visionfm-slit-lamp,slit_lamp,https://ai.nejm.org/doi/abs/10.1056/AIoa2300221,NEJM AI,尚未核验,,,https://github.com/ABILab-CUHK/VisionFM,https://drive.google.com/file/d/1pemWDkGoZYlqLQ6ooFINktyk8xnv9wY_/view,https://drive.google.com/file/d/1pemWDkGoZYlqLQ6ooFINktyk8xnv9wY_/view,VFM_SiltLamp_weights.pth,1507490695,1.51 GB,,项目已有资产，本轮不重复下载,仅限研究、教育和非商业用途。,false,excluded_by_project_scope,Legacy/initial model of the current project; intentionally excluded from duplicate download.
VisionFM,visionfm,visionfm-ubm,UBM,https://ai.nejm.org/doi/abs/10.1056/AIoa2300221,NEJM AI,尚未核验,,,https://github.com/ABILab-CUHK/VisionFM,https://drive.google.com/file/d/1q2fVOgFBnWNu1BsXaza1A-OIcCiifNUQ/view,https://drive.google.com/file/d/1q2fVOgFBnWNu1BsXaza1A-OIcCiifNUQ/view,VFM_UBM_weights.pth,1507491015,1.51 GB,,项目已有资产，本轮不重复下载,仅限研究、教育和非商业用途。,false,excluded_by_project_scope,Legacy/initial model of the current project; intentionally excluded from duplicate download.
VisionFM,visionfm,visionfm-ultrasound,ultrasound,https://ai.nejm.org/doi/abs/10.1056/AIoa2300221,NEJM AI,尚未核验,,,https://github.com/ABILab-CUHK/VisionFM,https://drive.google.com/file/d/1IlD0snowxdEVvxmiIBZGR0D9uOcrCT2D/view,https://drive.google.com/file/d/1IlD0snowxdEVvxmiIBZGR0D9uOcrCT2D/view,VFM_UltraSound_weights.pth,1507491015,1.51 GB,,项目已有资产，本轮不重复下载,仅限研究、教育和非商业用途。,false,excluded_by_project_scope,Legacy/initial model of the current project; intentionally excluded from duplicate download.
VisionUnite,visionunite,visionunite-default,CFP;OCT;FFA;MRI;CT;PET;X_ray;text,https://ieeexplore.ieee.org/document/11124413,TPAMI,20.4,2025,https://innovate.ieee.org/ieee-journals-continue-to-excel-in-citation-rankings/,https://github.com/HUANGLIZI/VisionUnite,https://drive.google.com/file/d/1kbdpPklCdDxEgxcpsp4OgGjxvxKh5jpV/view,https://drive.google.com/file/d/1kbdpPklCdDxEgxcpsp4OgGjxvxKh5jpV/view,checkpoint-VisionUniteV1.pth,19194158177,19.19 GB,fe8a90a592a0fc86e64702df6945ddab72d070871e5d3341375c05ddfbfeb91c,从官方 google_drive 页面下载,仅限学术研究，不允许商业使用或二次开发。,true,downloaded_verified,
